jacobi,time,day,n,prop
1490.426718,0,1,636,0.006516126
2299.33012,4,2,241,0.002469161
1644.790215,2,3,117,0.001198721
1295.739964,2,4,112,0.001147494
1417.524977,2,5,27,0.000276628
1733.189181,5,6,12,0.000122946
1985.873948,9,7,7,7.17E-05
2061.422251,10,8,612,0.006190886
1969.666585,11,9,263,0.002660462
1785.72172,6,10,112,0.001132973
1596.505685,7,11,109,0.001102625
1467.403006,8,12,38,0.000384401
1429.258214,5,13,14,0.000141622
1480.092687,17,14,7,7.08E-05
1594.86993,39,15,838,0.00724312
1737.743857,41,16,288,0.002489282
1873.052243,66,17,123,0.001063131
1973.100077,52,18,115,0.000993984
2022.178966,37,19,36,0.00031116
2017.198625,77,20,15,0.00012965
1965.803814,104,21,8,6.91E-05
1883.009858,116,22,862,0.007179803
1787.320294,151,23,287,0.002390491
1697.089654,132,24,141,0.001174423
1627.641189,85,25,120,0.000999509
1589.398961,70,26,49,0.000408133
1587.080662,168,27,16,0.000133268
1619.83872,220,28,6,5.00E-05
1682.137009,185,29,986,0.007166427
1765.103908,224,30,337,0.002449377
1858.100127,262,31,163,0.001184714
1950.269434,191,32,144,0.001046618
2031.890293,166,33,33,0.00023985
2095.405586,345,34,14,0.000101755
2136.067133,311,35,13,9.45E-05
2152.185426,382,36,6,4.36E-05
2145.018387,347,37,1134,0.007988785
2118.364233,392,38,339,0.002388182
2077.942216,250,39,196,0.001380778
2030.651899,259,40,155,0.001091941
1983.798796,631,41,60,0.000422687
1944.363679,515,42,10,7.04E-05
1918.37713,581,43,6,4.23E-05
1910.442534,483,44,5,3.52E-05
1923.431516,572,45,1267,0.008241401
1958.357831,464,46,370,0.002406723
2014.419809,479,47,230,0.001496071
2089.189366,953,48,167,0.001086278
2178.915945,936,49,49,0.000318728
2278.909724,985,50,11,7.16E-05
2383.965578,996,51,10,6.50E-05
2488.791886,1145,52,8,5.20E-05
2588.411313,815,53,1405,0.009039904
2678.507259,794,54,338,0.002174724
2755.695667,1521,55,272,0.001750074
2817.710489,1471,56,178,0.001145269
2863.497027,1423,57,50,0.000321705
2893.216197,1506,58,15,9.65E-05
2908.164935,1734,59,10,6.43E-05
2910.628577,1164,60,8,5.15E-05
2903.677386,1117,61,1847,0.009749429
2890.925991,1942,62,404,0.002132523
2876.275738,1961,63,373,0.001968888
2863.654007,1948,64,214,0.001129604
2856.769323,1884,65,77,0.000406446
2858.895581,1555,66,26,0.000137242
2872.695063,1493,67,18,9.50E-05
2900.087353,1377,68,12,6.33E-05
2942.172203,2642,69,1909,0.010088839
2999.200565,2234,70,413,0.002182656
3070.598746,2389,71,377,0.0019924
3155.033691,2531,72,189,0.000998843
3250.521376,2530,73,74,0.000391081
3354.560766,1657,74,17,8.98E-05
3464.288185,1552,75,12,6.34E-05
3576.649324,3118,76,9,4.76E-05
3688.562386,3070,77,2312,0.011464785
3797.080188,3230,78,458,0.002271138
3899.536134,3217,79,392,0.001943856
3993.667284,3694,80,216,0.001071104
4077.710651,2270,81,54,0.000267776
4150.472146,1739,82,24,0.000119012
4211.357839,4181,83,18,8.93E-05
4260.3778,3710,84,11,5.45E-05
4298.128326,4052,85,2417,0.012296062
4325.728286,4103,86,566,0.002879425
4344.749693,4132,87,371,0.001887397
4357.121771,2416,88,239,0.00121587
4365.016775,2002,89,78,0.000396811
4370.766539,4788,90,15,7.63E-05
4376.699894,4423,91,14,7.12E-05
4385.070562,4566,92,12,6.10E-05
4397.949558,4310,93,2936,0.01305382
4417.101266,4468,94,626,0.002783274
4443.963819,2822,95,455,0.002022986
4479.556968,2199,96,255,0.001133762
4524.449743,5453,97,83,0.000369028
4578.781421,4837,98,21,9.34E-05
4642.175761,5073,99,16,7.11E-05
4713.926104,5013,100,14,6.22E-05
4792.899568,5159,101,3249,0.014425126
4877.626168,3149,102,821,0.00364513
4966.416021,2468,103,387,0.001718228
5057.374633,6291,104,298,0.00132308
5148.568701,5873,105,82,0.000364069
5237.99601,5826,106,28,0.000124316
5323.79718,5471,107,24,0.000106557
5404.241488,5744,108,15,6.66E-05
5477.806272,3231,109,3676,0.015578119
5543.247652,2702,110,1052,0.004458156
5599.711985,6690,111,418,0.001771397
5646.609894,6476,112,298,0.001262862
5683.847722,6180,113,94,0.000398352
5711.597688,6146,114,36,0.00015256
5730.388435,6162,115,18,7.63E-05
5741.265627,3736,116,10,4.24E-05
5745.295999,2610,117,4023,0.016280397
5744.05728,7014,118,1127,0.004560777
5739.121931,6617,119,431,0.001744184
5732.415457,6369,120,350,0.00141639
5725.519184,6342,121,96,0.000388496
5720.592877,6618,122,35,0.000141639
5718.999958,3779,123,19,7.69E-05
5722.720149,3065,124,13,5.26E-05
5732.880131,7563,125,4392,0.017429056
5750.99519,7229,126,1366,0.005420785
5777.455165,7696,127,367,0.00145639
5813.159616,7100,128,342,0.001357181
5858.159478,7121,129,104,0.00041271
5912.064918,3760,130,37,0.000146829
5974.777729,3103,131,18,7.14E-05
6045.213751,7883,132,9,3.57E-05
6122.287151,7927,133,4519,0.018201591
6204.43029,7453,134,1472,0.005928909
6290.059826,7059,135,367,0.0014782
6377.424875,7221,136,354,0.001425838
6464.229726,3927,137,81,0.000326251
6548.69045,3278,138,49,0.000197362
6628.644312,8927,139,23,9.26E-05
6702.221594,8463,140,9,3.63E-05
6767.438161,8864,141,5230,0.019077426
6822.44291,8266,142,1671,0.006095292
6866.103519,8050,143,421,0.001535678
6896.950931,4453,144,371,0.001353294
6913.809865,3501,145,102,0.000372065
6916.245524,9133,146,47,0.000171441
6903.709815,8660,147,21,7.66E-05
6877.488365,8304,148,13,4.74E-05
6836.268488,8097,149,5048,0.020396784
6782.054972,8029,150,1687,0.006816437
6715.483844,4211,151,410,0.001656633
6637.558354,3070,152,326,0.001317225
6550.346956,8527,153,98,0.000395976
6455.603369,8202,154,56,0.000226272
6355.459196,7674,155,14,5.66E-05
6251.23239,7576,156,11,4.44E-05
6145.911014,6739,157,6343,0.019960664
6040.029332,3834,158,2491,0.00783888
5937.886538,2563,159,664,0.002089529
5839.890087,7537,160,377,0.001186374
5749.059275,7393,161,126,0.000396507
5666.279965,7179,162,89,0.000280072
5594.167776,6678,163,26,8.18E-05
5528.37588,6630,164,23,7.24E-05
5477.988788,3682,165,5247,0.020638629
5435.940693,2442,166,2173,0.008547311
5411.516517,7271,167,474,0.001864439
5394.585844,6881,168,317,0.001246893
5391.384065,6501,169,86,0.000338274
5399.971168,6456,170,68,0.000267472
5415.678998,6219,171,21,8.26E-05
5442.474007,3255,172,8,3.15E-05
5477.733441,2340,173,5967,0.0212854
5517.223452,6903,174,2707,0.009656373
5560.674981,6732,175,580,0.002068968
5608.479815,6299,176,301,0.001073723
5656.440066,6031,177,91,0.000324614
5703.449088,6307,178,85,0.000303211
5744.010284,3163,179,21,7.49E-05
5786.48307,2356,180,9,3.21E-05
5819.86291,7099,181,6129,0.022031071
5842.044308,6697,182,3078,0.011064062
5856.553919,7037,183,596,0.002142359
5863.723719,6541,184,247,0.000887857
5867.015948,6337,185,90,0.000323511
5848.721668,3167,186,79,0.00028397
5824.189867,2245,187,21,7.55E-05
5779.66567,7044,188,16,5.75E-05
5739.991709,7155,189,6488,0.022185899
5686.997349,6921,190,3477,0.0118897
5620.566376,6300,191,707,0.002417606
5541.361479,6041,192,294,0.001005341
5461.426995,2906,193,124,0.000424022
5383.364099,2098,194,101,0.000345372
5298.250626,6428,195,23,7.86E-05
5201.844755,6629,196,16,5.47E-05
5110.157863,6065,197,6811,0.021980185
5025.542003,5707,198,3937,0.012705328
4935.828677,5506,199,807,0.002604318
4866.513858,2815,200,311,0.001003647
4779.273311,1918,201,121,0.000390486
4721.209355,6273,202,106,0.000342079
4668.019239,4372,203,18,5.81E-05
4622.549817,2251,204,17,5.49E-05
4586.236558,6416,205,7176,0.022894261
4546.373198,5614,206,4326,0.013801641
4549.740695,2822,207,865,0.00275969
4536.78054,1865,208,260,0.000829502
4542.81378,6323,209,157,0.000500892
4581.428614,6177,210,98,0.000312659
4620.999953,5834,211,25,7.98E-05
4648.841498,5408,212,18,5.74E-05
4707.16356,5287,213,7579,0.022460755
4795.322047,2671,214,4967,0.014719959
4871.930612,1840,215,1018,0.003016895
4921.137005,6304,216,285,0.000844612
5037.564253,5964,217,177,0.000524549
5103.68642,5558,218,102,0.000302282
5171.941186,5293,219,21,6.22E-05
5255.346294,5006,220,17,5.04E-05
5347.152364,2458,221,8439,0.023803144
5428.252566,1769,222,5703,0.01608595
5479.143152,5934,223,1128,0.00318165
5590.135272,5956,224,260,0.000733359
5644.083098,5775,225,205,0.000578225
5705.851871,5513,226,93,0.000262317
5766.133067,5666,227,25,7.05E-05
5778.110749,3041,228,17,4.80E-05
5832.683922,2218,229,9250,0.025129178
5859.25834,6827,230,6253,0.016987324
5888.808798,7135,231,1082,0.002939435
5860.721857,6476,232,271,0.000736217
5865.193656,6466,233,233,0.000632984
5842.898587,6615,234,105,0.00028525
5863.659949,3354,235,26,7.06E-05
5819.224587,2369,236,18,4.89E-05
5753.739962,8233,237,10479,0.02497819
5763.977972,8394,238,7318,0.017443496
5698.258773,7420,239,1389,0.003310879
5623.226181,7296,240,316,0.000753231
5614.366148,7235,241,278,0.000662653
5612.01493,3503,242,137,0.000326559
5598.99087,2474,243,33,7.87E-05
5591.24358,8411,244,28,6.67E-05
5594.334435,7949,245,11802,0.026712719
5530.251294,7185,246,8869,0.020074149
5551.714182,6873,247,1456,0.003295519
5557.648047,6284,248,325,0.000735607
5578.359141,3019,249,280,0.000633754
5675.563328,2172,250,130,0.000294243
5594.773356,5171,251,36,8.15E-05
5636.315563,8087,252,21,4.75E-05
5747.353522,7637,253,16133,0.027497494
5742.692103,7557,254,12645,0.021552459
5872.144559,7098,255,2011,0.003427599
5968.56038,3545,256,504,0.00085903
6025.482251,2652,257,310,0.000528372
6156.452863,8974,258,189,0.000322136
6226.440772,8939,259,36,6.14E-05
6421.579306,8358,260,32,5.45E-05
6457.115401,8151,261,18889,0.028842395
6529.736706,7581,262,14674,0.022406337
6658.308913,3908,263,2239,0.003418822
6783.116461,2641,264,588,0.000897842
7069.965526,3313,265,346,0.000528322
7057.883839,9625,266,238,0.000363412
7053.81466,8719,267,42,6.41E-05
7333.77784,8215,268,25,3.82E-05
7345.855975,8395,269,23221,0.029149845
7504.410974,4220,270,18782,0.023577468
7508.122205,2785,271,2933,0.003681861
7613.525742,10361,272,656,0.000823492
7660.990851,10287,273,375,0.000470746
7676.975949,9586,274,219,0.000274916
7844.553176,9600,275,62,7.78E-05
8124.949156,9618,276,42,5.27E-05
7903.995721,4896,277,30866,0.030146052
8002.673608,3013,278,25154,0.024567284
8027.681211,10934,279,4182,0.004084455
7890.481043,11633,280,895,0.000874124
7946.607803,11466,281,412,0.00040239
8064.733396,11219,282,290,0.000283236
7947.450086,10915,283,106,0.000103528
8056.252813,5998,284,55,5.37E-05
8237.81978,3178,285,32661,0.030082674
7925.678117,13110,286,27415,0.025250804
8122.882781,13007,287,5136,0.004730554
8089.665745,12502,288,1078,0.0009929
8060.781568,12756,289,421,0.000387765
8333.025494,12499,290,297,0.000273554
8064.220521,6902,291,90,8.29E-05
8202.513152,3422,292,53,4.88E-05
8314.911037,14381,293,34249,0.030478721
8490.957591,14046,294,28853,0.025676736
8634.310584,13331,295,6639,0.00590815
8995.121005,12800,296,1441,0.001282368
9023.771224,12551,297,445,0.000396012
8897.054744,6616,298,291,0.000258965
9062.287656,3799,299,89,7.92E-05
9153.620403,14476,300,55,4.89E-05
9130.243852,13887,301,5,4.45E-06
9449.28245,12823,302,36150,0.030065795
9990.130119,10480,303,32034,0.026642536
9887.184446,2735,304,8802,0.007320585
10078.23346,5933,305,1760,0.001463784
10316.12258,4397,306,397,0.000330183
10215.74247,16224,307,322,0.000267806
10039.4115,16099,308,92,7.65E-05
10703.89177,14728,309,56,4.66E-05
10787.83987,12083,310,33705,0.028693653
10789.6292,3413,311,31734,0.027015707
11423.21424,6948,312,10107,0.008604265
11018.97082,5274,313,2144,0.001825225
11625.20303,18556,314,379,0.000322649
11285.36156,18821,315,282,0.000240072
11498.07578,18409,316,70,5.96E-05
11583.50911,18766,317,40,3.41E-05
12264.49725,18601,318,36645,0.029456496
11530.20423,9842,319,35098,0.028212965
11658.80812,5663,320,14017,0.011267341
12208.31947,21044,321,2502,0.002011193
12180.22992,19503,322,379,0.000304653
11724.05536,18651,323,349,0.000280538
12348.28473,18370,324,82,6.59E-05
11700.14054,17514,325,43,3.46E-05
12108.53383,9441,326,39083,0.030541205
11674.70702,5329,327,34819,0.027209125
11904.30215,19675,328,17637,0.013782341
11351.23894,19046,329,3382,0.002642846
11350.52401,17478,330,392,0.000306326
11448.27643,16925,331,367,0.00028679
10617.04972,16480,332,94,7.35E-05
11266.35496,8803,333,48,3.75E-05
10545.33287,4748,334,37711,0.030228507
11053.90368,18196,335,32507,0.026057068
10136.31653,17063,336,20893,0.01674748
10682.17126,14919,337,3902,0.003127778
10359.34332,14026,338,365,0.000292578
9672.478571,12367,339,341,0.00027334
10188.26169,6812,340,71,5.69E-05
9338.665219,3709,341,40,3.21E-05
9150.857384,4722,342,39045,0.031175744
9022.927114,13447,343,31492,0.025145
8892.183176,11873,344,25990,0.020751891
8326.071012,10835,345,4800,0.003832592
8417.930778,10200,346,423,0.000337747
8405.946005,5345,347,362,0.000289041
7739.557318,2762,348,118,9.42E-05
7730.297901,11671,349,52,4.15E-05
7030.093948,9323,350,39996,0.030867875
7173.076294,8532,351,31193,0.024073948
7334.754936,7836,352,30602,0.02361783
6976.398514,7723,353,6958,0.005370004
6288.214368,4001,354,454,0.000350385
6226.563414,2172,355,341,0.000263175
6876.44565,8342,356,125,9.65E-05
6190.401637,7802,357,41,3.16E-05
5000.341316,7038,358,38572,0.030538872
6328.460694,6982,359,32817,0.025982427
5371.33465,6799,360,29168,0.023093379
6002.557411,3433,361,8095,0.006409109
5382.051854,2050,362,438,0.000346781
6208.116148,8649,363,310,0.000245438
6112.332277,7520,364,82,6.49E-05
6193.230972,6878,365,34,2.69E-05
5473.941993,6788,366,36614,0.029764648
5496.572188,6886,367,32959,0.026793386
4490.073732,3509,368,26884,0.021854832
4977.851046,2116,369,8590,0.006983076
5922.003285,8675,370,479,0.000389394
5910.944709,6955,371,310,0.000252009
5203.472559,6589,372,116,9.43E-05
5355.789142,6334,373,35,2.85E-05
4810.37729,6013,374,35987,0.0291075
4564.32463,3066,375,35422,0.028650509
5810.662145,2001,376,25316,0.020476435
5294.692052,7093,377,10553,0.008535623
5354.258746,5976,378,516,0.000417358
4546.566746,5529,379,234,0.000189267
4778.460878,5373,380,91,7.36E-05
4208.501039,5267,381,39,3.15E-05
3766.960648,2671,382,36078,0.030181071
4962.144033,1562,383,33728,0.028215178
5381.467697,2150,384,22936,0.019187124
4957.551031,6784,385,12332,0.010316342
6107.750482,5314,386,554,0.000463449
3363.93573,5042,387,247,0.000206628
4728.959925,4777,388,130,0.000108752
5424.013475,2441,389,36,3.01E-05
4883.1916,1559,390,36669,0.031680002
4908.857138,5947,391,31477,0.027194399
3810.02283,5223,392,20983,0.018128159
4573.157287,4670,393,13626,0.011772115
5345.531074,4623,394,509,0.000439748
2874.872681,4201,395,209,0.000180565
5093.619986,2263,396,161,0.000139095
4779.134033,1328,397,42,3.63E-05
4671.19595,5317,398,38239,0.032785353
4066.310331,4462,399,30404,0.026067781
4480.986639,4047,400,19914,0.017073865
4357.789979,2096,401,15749,0.013502877
3799.059083,1706,402,493,0.000422688
3920.240119,1617,403,196,0.000168046
4661.051287,1434,404,165,0.000141468
3768.313893,5561,405,38,3.26E-05
4964.96597,4658,406,36102,0.032714036
4036.068954,4425,407,26521,0.024032158
4453.737873,4253,408,17657,0.015999993
4763.526106,4063,409,16468,0.014922574
4929.363061,2231,410,534,0.000483887
3079.193234,1210,411,209,0.000189387
4921.444831,5099,412,158,0.000143173
4307.348578,4257,413,39,3.53E-05
4112.942946,3852,414,34411,0.031108323
4029.301231,3783,415,24968,0.022571637
3233.59645,3334,416,17991,0.016264271
4080.118993,1690,417,16375,0.014803371
2278.356137,1101,418,774,0.000699714
4414.786061,4350,419,213,0.000192557
2355.092186,3666,420,208,0.000188037
2727.49745,3639,421,44,3.98E-05
3303.381402,3287,422,31526,0.030143499
3934.194997,3191,423,22050,0.021083047
2793.490057,1748,424,18625,0.017808243
3950.991837,1072,425,14645,0.014002777
3288.701164,3996,426,786,0.000751532
3723.775845,3460,427,243,0.000232344
3116.498722,3184,428,199,0.000190273
2336.674253,2981,429,43,4.11E-05
4969.270331,2701,430,31078,0.028718117
3735.062678,1002,431,21280,0.019664121
5019.163458,956,432,20847,0.019264
2273.893109,3439,433,14099,0.013028404
2055.091517,2905,434,1001,0.00092499
4368.506402,2590,435,280,0.000258738
3698.101815,2779,436,189,0.000174648
3837.482574,2502,437,46,4.25E-05
4082.967394,1280,438,28673,0.026385945
2953.787932,782,439,22876,0.021051334
3819.443015,1731,440,19400,0.017852591
1254.137199,3199,441,12778,0.011758784
1938.933763,2635,442,1197,0.001101523
3519.031862,2374,443,279,0.000256746
2832.23721,2481,444,211,0.00019417
5385.540418,1212,445,47,4.33E-05
3265.200858,773,446,25863,0.024004366
3593.917978,2894,447,23912,0.022193574
3088.069512,2581,448,17668,0.016398296
3653.837989,2489,449,12232,0.011352952
4265.771654,2413,450,2439,0.002263722
2316.129967,2388,451,299,0.000277512
3546.761096,1150,452,192,0.000178202
2919.640251,799,453,43,3.99E-05
4032.92866,2956,454,26837,0.024359117
3391.455026,2717,455,25328,0.022989445
1908.844047,2634,456,16571,0.015040986
3715.163253,2558,457,11452,0.010394627
3449.346791,2499,458,4380,0.003975591
2858.757671,1139,459,323,0.000293177
3903.866063,932,460,176,0.00015975
4167.893967,3080,461,72,6.54E-05
3074.231458,2808,462,27555,0.024142907
3218.046092,2812,463,25502,0.022344127
3409.654454,2655,464,16348,0.014323653
2923.540793,2767,465,10833,0.009491566
4533.062812,1350,466,7047,0.006174381
4059.133073,843,467,410,0.00035923
3781.120771,3683,468,192,0.000168225
4717.198367,3589,469,50,4.38E-05
2643.973219,3389,470,7,6.13E-06
3606.706759,3308,471,29704,0.026194165
2665.602807,3289,472,23639,0.020845808
2894.989306,1710,473,15170,0.013377508
2843.287638,1095,474,10714,0.00944803
3584.134807,4217,475,10417,0.009186124
5259.370809,3877,476,443,0.000390655
2771.297654,3937,477,185,0.00016314
3180.166131,3970,478,77,6.79E-05
2527.090335,3973,479,32661,0.027650413
4769.476737,2064,480,22074,0.018687585
4527.91468,1272,481,18368,0.01555013
3159.898928,5314,482,14874,0.012592151
4480.191599,5178,483,10201,0.008636045
5651.525037,5344,484,469,0.00039705
4245.72629,5343,485,218,0.000184556
4088.996664,5223,486,61,5.16E-05
5086.702099,2749,487,36901,0.029620134
5956.342723,1708,488,23715,0.019035839
5766.624145,6965,489,20900,0.016776261
5869.359477,6439,490,14561,0.011687997
4189.319142,6263,491,9889,0.00793782
6100.223015,6527,492,608,0.000488037
5575.591604,6771,493,223,0.000179
6832.045185,3466,494,81,6.50E-05
6680.692025,2268,495,6,4.82E-06
7227.791659,9302,496,39454,0.028376721
8441.312045,9318,497,31611,0.022735756
8163.609237,10106,498,21654,0.015574328
7999.753294,10118,499,15032,0.010811549
9705.576857,10529,500,10013,0.007201706
8722.918763,5323,501,676,0.000486203
8846.164924,3528,502,295,0.000212175
10480.30679,13965,503,127,9.13E-05
9409.656997,14070,504,8,5.75E-06
9493.186508,13947,505,39620,0.027605389
10239.54857,13582,506,38437,0.026781129
10335.3651,14100,507,21595,0.0150464
10480.60571,6905,508,14785,0.010301506
11794.90916,4688,509,9799,0.006827491
11978.80596,18208,510,788,0.000549042
11939.20333,18365,511,284,0.000197878
12145.03535,17946,512,121,8.43E-05
12261.25511,18864,513,10,6.97E-06
12782.28208,18020,514,38411,0.028110498
12496.27399,8730,515,36872,0.026984205
13393.80695,6386,516,19757,0.014458856
12872.24168,22782,517,13378,0.009790483
12827.23062,22172,518,8693,0.006361838
12886.77628,20708,519,1293,0.000946262
13866.58068,21408,520,238,0.000174177
13054.52514,20126,521,124,9.07E-05
13463.58057,9386,522,12,8.78E-06
13306.0635,7335,523,41464,0.030804182
14946.50305,23616,524,35840,0.026626034
14138.23972,22984,525,18383,0.013656986
15114.87966,21738,526,12328,0.009158643
15715.76061,21974,527,8300,0.006166185
15230.39011,21245,528,1464,0.001087626
13704.94266,10089,529,280,0.000208016
14960.79574,7570,530,132,9.81E-05
15091.24905,25605,531,10,7.43E-06
15908.11284,24742,532,52708,0.032680423
14107.1744,23151,533,46295,0.028704185
14223.6652,22322,534,19714,0.012223227
14953.10875,21661,535,12796,0.007933875
13285.03332,9525,536,8852,0.005488486
13915.31701,6787,537,2470,0.001531469
14023.74729,24481,538,274,0.000169888
14478.29414,22004,539,240,0.000148807
14723.85216,20961,540,7,4.34E-06
14454.29187,19076,541,99680,0.054836089
14088.60938,18049,542,51274,0.028206918
14048.82885,7668,543,18962,0.0104314
13018.82683,5924,544,12751,0.007014596
12545.82918,21305,545,8978,0.004938989
13674.17454,18781,546,5838,0.003211608
12801.1769,17319,547,430,0.000236552
13020.54685,16288,548,310,0.000170538
12972.91667,15730,549,11,6.05E-06
12339.30933,7062,550,96211,0.055211591
11307.3201,4814,551,46135,0.026475005
10877.53844,17773,552,16622,0.009538692
10228.9671,15638,553,11326,0.006499532
10975.71151,14760,554,11246,0.006453623
10801.28972,13942,555,8305,0.004765903
10167.71272,13353,556,482,0.0002766
8750.669825,6367,557,306,0.000175601
9469.010236,4201,558,13,7.46E-06
8931.052545,16005,559,91010,0.051842809
8536.52674,13468,560,46337,0.026395344
8540.107812,12203,561,19208,0.010941618
8798.167466,12148,562,14946,0.008513819
7624.361745,11876,563,10406,0.005927659
8123.93772,5233,564,7709,0.004391344
7270.214822,3746,565,406,0.000231273
7925.927876,13860,566,333,0.00018969
7274.653091,11763,567,11,6.27E-06
7284.196086,7729,568,80439,0.045731962
7316.782422,3838,569,47952,0.027262137
7090.440292,11773,570,29073,0.016528865
6871.158715,4722,571,13614,0.007739964
6329.554229,3242,572,9555,0.005432301
6696.171177,12795,573,7060,0.00401382
6305.756038,10460,574,402,0.000228549
6847.487898,9954,575,379,0.000215473
6655.311395,8866,576,15,8.53E-06
6215.685476,8828,577,73947,0.040043495
6308.869063,3794,578,56433,0.030559381
6534.090806,2744,579,42045,0.022768046
6075.299546,10325,580,12820,0.006942237
6101.993602,7899,581,9082,0.00491805
6255.824003,7358,582,6945,0.00376083
5930.83807,6484,583,466,0.000252347
6749.836724,6152,584,409,0.00022148
6797.963828,2819,585,15,8.12E-06
6645.287651,2138,586,67092,0.035271759
6219.798815,7853,587,53090,0.027910596
6196.805515,6564,588,49809,0.026185701
5914.068631,6102,589,12125,0.006374383
6381.317428,5493,590,8608,0.004525417
6139.028161,5220,591,6470,0.003401423
6041.576584,2418,592,452,0.000237626
6207.191538,2031,593,418,0.000219752
6006.156467,6758,594,24,1.26E-05
5702.465868,5426,595,61264,0.031757584
5668.990784,4875,596,52196,0.027056981
5276.701285,4866,597,51007,0.026440635
5193.067088,4685,598,11367,0.005892342
5058.710003,1870,599,8154,0.004226811
4935.320619,1406,600,6120,0.003172441
4962.196191,5569,601,495,0.000256594
4504.072259,4541,602,428,0.000221864
4364.13759,4268,603,15,7.78E-06
4489.797593,4120,604,55371,0.027815789
4029.842212,3980,605,54674,0.027465649
3203.817241,1705,606,49133,0.024682111
3143.990603,1296,607,10615,0.005332477
3393.98295,5252,608,7791,0.003913832
2781.308075,4206,609,5940,0.002983977
2954.549689,3847,610,428,0.000215007
2716.366702,3653,611,424,0.000212998
2518.158769,3485,612,21,1.05E-05
2557.537487,1286,613,52314,0.026099932
2526.3871,966,614,51279,0.025583562
2520.098537,3467,615,46210,0.023054591
2580.742054,2562,616,9928,0.00495317
2496.629115,3875,617,7241,0.003612601
2415.440561,3520,618,5596,0.002791896
2340.267281,3231,619,452,0.000225507
2591.004715,1403,620,386,0.000192579
2459.377368,1030,621,8,3.99E-06
3068.265817,4213,622,48067,0.023341087
3215.738903,3579,623,47829,0.023225515
3385.503451,3346,624,43332,0.021041795
3337.757319,3323,625,9213,0.004473785
3808.892583,3107,626,6862,0.003332152
3864.3469,1223,627,5279,0.002563455
4146.757129,868,628,643,0.000312237
4387.91619,1381,629,406,0.000197152
4494.337122,3938,630,25,1.21E-05
4749.495638,3605,631,44495,0.021213187
4981.624858,3235,632,40065,0.019101165
5078.302318,2978,633,39277,0.018725483
5315.400643,1294,634,8474,0.004040017
5583.75089,982,635,6401,0.003051705
5640.566514,4391,636,5015,0.002390923
5577.642952,3526,637,667,0.000317995
5358.743095,3236,638,476,0.000226935
5439.310523,3135,639,27,1.29E-05
5363.551902,2785,640,41898,0.02028948
5184.798,1152,641,37932,0.018368909
5033.31269,1005,642,32936,0.015949552
4825.570223,3916,643,7709,0.003733152
4487.56057,3190,644,5539,0.00268231
4301.918037,3044,645,4763,0.002306525
3838.738625,3163,646,796,0.00038547
3404.220412,2777,647,529,0.000256173
3059.630886,1061,648,38,1.84E-05
2720.352647,878,649,40409,0.019441639
2265.25769,3749,650,35221,0.016945581
1920.679574,3255,651,29552,0.014218103
1453.922759,2935,652,7317,0.003520366
1146.865243,2814,653,5238,0.002520114
716.4309374,2788,654,4378,0.00210635
411.0939484,926,655,858,0.000412802
201.5514872,906,656,523,0.000251627
59.63503974,3322,657,37,1.78E-05
0,2834,658,37314,0.017940027
54.02774385,2828,659,32107,0.015436577
239.1102518,2770,660,25269,0.012148967
448.5611372,2542,661,6503,0.003126548
740.0639538,1156,662,5077,0.002440948
1227.986379,987,663,4069,0.001956316
1807.890867,3820,664,977,0.000469727
2607.932992,3648,665,560,0.00026924
3476.895325,3939,666,57,2.74E-05
4454.932432,4134,667,35574,0.017133981
5519.636932,3317,668,28867,0.013903599
6819.262658,1113,669,24092,0.011603752
8238.294942,2012,670,5580,0.00268757
9714.003534,8260,671,4726,0.002276247
11257.99006,9830,672,3855,0.001856735
12931.43666,11627,673,1057,0.000509097
14733.68906,12780,674,669,0.000322219
16533.12225,11297,675,80,3.85E-05
18414.87061,3741,676,31462,0.015521322
20268.26149,5841,677,26538,0.013092138
22180.1662,24176,678,22893,0.01129393
24083.01885,32186,679,4765,0.002350744
25938.00582,38802,680,4075,0.002010342
27739.7205,42482,681,3587,0.001769595
29499.17482,46432,682,948,0.000467682
31175.46691,22501,683,867,0.000427722
32726.82736,18911,684,95,4.69E-05
34132.58754,68648,685,27715,0.013941918
35420.36422,71624,686,25363,0.012758754
36582.19244,75449,687,21062,0.010595154
37550.25841,74566,688,4154,0.002089653
38339.81543,73249,689,3791,0.001907047
38904.67463,31259,690,3340,0.001680173
39303.27972,23799,691,1121,0.000563915
39511.62895,80734,692,1035,0.000520653
39466.66793,75021,693,108,5.43E-05
39269.04918,70825,694,26087,0.013328858
38838.17551,65490,695,23633,0.012075014
38228.78832,57700,696,19306,0.009864182
37405.57242,25157,697,4067,0.002077988
36421.07727,18960,698,3535,0.001806168
35262.77728,61833,699,3095,0.001581355
33976.31377,51031,700,1275,0.000651447
32535.70599,46071,701,1172,0.00059882
30974.18808,41128,702,180,9.20E-05
29329.47965,36189,703,23551,0.012888118
27607.84488,16560,704,19339,0.010583131
25816.63103,12205,705,17083,0.009348551
24011.06539,37372,706,3565,0.001950921
22174.51287,29118,707,2960,0.001619839
20356.69787,26483,708,2804,0.001534469
18567.27839,23079,709,1650,0.000902951
16815.1168,19822,710,1529,0.000836734
15159.36337,8659,711,218,0.000119299
13561.47264,6448,712,20115,0.011457915
12062.92026,9538,713,16250,0.009256332
10666.66412,19737,714,15560,0.008863294
9398.21223,14766,715,2948,0.001679241
8258.091199,13509,716,2667,0.001519178
7248.612501,12259,717,2449,0.001395
6376.628717,5755,718,2329,0.001326646
5638.1422,4773,719,1665,0.000948418
5037.796823,13140,720,263,0.00014981
4557.514371,10180,721,17746,0.010337552
4205.960606,9613,722,14007,0.008159478
3960.785203,9174,723,13199,0.007688795
3831.438957,8027,724,2663,0.001551274
3783.284789,3534,725,2543,0.00148137
3821.682993,3080,726,2316,0.001349136
3924.670694,8037,727,2153,0.001254184
4070.071697,6297,728,1761,0.001025833
4266.490381,5849,729,386,0.000224856
4474.074887,5274,730,15806,0.009246087
4694.029238,4371,731,12286,0.007186981
4911.889196,1682,732,11368,0.006649975
5106.529474,1382,733,2430,0.001421485
5281.432559,5124,734,2134,0.001248333
5413.668765,3555,735,2084,0.001219084
5505.226259,3124,736,1881,0.001100335
5541.328601,3193,737,1841,0.001076936
5529.76776,2722,738,544,0.000318225
5460.442576,1089,739,14957,0.008485182
5334.504047,888,740,11186,0.006345875
5156.333582,3002,741,10248,0.005813742
4928.553288,2403,742,2817,0.001598098
4654.209099,2364,743,2492,0.001413724
4344.635816,2216,744,2133,0.001210062
4005.150528,1831,745,1857,0.001053486
3643.696911,741,746,1778,0.001008668
3271.444818,674,747,643,0.000364777
2896.210589,2219,748,13404,0.00731677
2532.231169,1854,749,9853,0.005378404
2183.935992,1528,750,8734,0.004767582
1863.534206,1495,751,4023,0.002196013
1578.068259,1314,752,3550,0.001937819
1333.858659,478,753,1967,0.001073716
1135.937046,317,754,1802,0.000983648
990.7067347,573,755,1715,0.000936158
899.1614518,1659,756,932,0.000508746
861.9664101,1323,757,11466,0.006543191
878.6231907,1183,758,8675,0.004950478
946.9175658,1139,759,7379,0.004210902
1062.865291,379,760,5360,0.003058739
1220.496178,346,761,4133,0.002358539
1412.491559,1416,762,1763,0.001006074
1631.281158,1204,763,1626,0.000927894
1868.471014,1151,764,1441,0.000822321
2115.672563,1000,765,1164,0.000664249
2361.791378,747,766,9602,0.00595464
2598.737915,331,767,6279,0.003893896
2817.685281,275,768,6208,0.003849865
3010.46749,1016,769,5746,0.003563358
3170.071728,790,770,4181,0.00259283
3290.891176,790,771,1366,0.000847119
3368.358618,755,772,1277,0.000791926
3400.009106,693,773,1245,0.000772082
3384.802422,294,774,1176,0.000729291
3323.69265,250,775,8477,0.005454916
3218.670045,778,776,7226,0.004649903
3073.864091,663,777,5627,0.003620952
2895.303657,630,778,4984,0.003207185
2689.651591,272,779,4735,0.003046954
2464.701172,224,780,1323,0.000851345
2229.183269,187,781,1253,0.000806301
1992.242517,207,782,1175,0.000756108
1762.879246,846,783,1133,0.000729081
1550.039827,571,784,10653,0.006801996
1361.877492,723,785,8040,0.005133582
1205.678128,551,786,7476,0.004773465
1087.601239,560,787,4345,0.002774305
1011.983166,261,788,4085,0.002608294
981.7525014,319,789,1626,0.001038209
997.8846155,832,790,1140,0.000727896
1059.537685,656,791,1130,0.000721511
1163.906886,640,792,1100,0.000702356
1306.574473,573,793,12930,0.008284717
1481.235051,516,794,12653,0.008107234
1680.631513,214,795,7056,0.004521034
1896.08837,209,796,3525,0.002258595
2118.481967,801,797,3415,0.002188114
2338.258919,765,798,1988,0.001273783
2546.069097,726,799,1057,0.000677258
2733.066159,644,800,1021,0.000654192
2891.453008,717,801,975,0.000624718
3014.687899,262,802,18370,0.011686487
3097.967968,252,803,15591,0.009918564
3138.419905,1026,804,6017,0.003827849
3135.242609,459,805,3141,0.001998217
3089.862534,1097,806,2994,0.0019047
3005.88742,986,807,2292,0.001458107
2889.007322,970,808,983,0.000625357
2746.702836,391,809,942,0.000599274
2587.992289,329,810,908,0.000577645
2422.993381,1389,811,24843,0.015103239
2262.436144,1295,812,18280,0.011113279
2117.164154,1379,813,5907,0.003591146
1997.569074,1404,814,2909,0.001768519
1913.052053,1357,815,2706,0.001645106
1871.498322,584,816,2677,0.001627475
1878.865958,547,817,992,0.000603084
1938.781297,2241,818,934,0.000567823
2052.32272,2037,819,807,0.000490614
2217.907412,2272,820,26105,0.015881282
2431.311429,2145,821,20522,0.012484799
2685.868861,2131,822,5498,0.003344773
2972.815631,919,823,3484,0.002119532
3281.780456,866,824,2936,0.00178615
3601.372855,3385,825,2479,0.001508129
3919.901577,3412,826,922,0.000560909
4226.124687,3589,827,913,0.000555434
4510.032431,3411,828,715,0.000434979
4763.580235,3563,829,31927,0.018529201
4981.362338,1543,830,27777,0.016120701
5161.144238,1336,831,5651,0.003279623
5304.22432,6108,832,4450,0.002582609
5415.591229,5723,833,2739,0.00158961
5503.841218,6547,834,2181,0.001265768
5580.85331,6255,835,889,0.000515941
5661.208509,6287,836,879,0.000510138
5761.391912,2556,837,711,0.000412637
5898.795604,2157,838,35819,0.020120456
6090.593176,9838,839,33921,0.019054301
6352.537453,9318,840,7296,0.004098351
6697.776952,9954,841,5309,0.002982202
7135.769541,9739,842,2805,0.001575641
7671.384405,10303,843,1938,0.001088625
8304.277956,4260,844,909,0.000510609
9028.613145,3603,845,895,0.000502745
9833.17315,16629,846,658,0.000369616
10701.89525,16442,847,42527,0.02378425
11614.81351,17733,848,34373,0.019223929
12549.37221,18106,849,8877,0.004964676
13482.01882,18688,850,5285,0.002955764
14389.96565,7695,851,2730,0.001526818
15252.96807,7018,852,1905,0.001065417
16054.95135,27458,853,896,0.00050111
16785.30919,26382,854,787,0.000440149
17439.70529,26939,855,662,0.000370239
18020.23922,26905,856,45445,0.025056293
18534.88368,26372,857,34210,0.018861828
18996.16898,10639,858,14851,0.008188162
19419.17293,9235,859,5167,0.002848847
19818.96768,36314,860,2787,0.001536624
20207.76959,34654,861,1842,0.001015595
20592.12356,35035,862,875,0.000482435
20970.51478,33907,863,828,0.000456521
21331.82573,31504,864,635,0.00035011
21655.03018,12241,865,45278,0.025307626
21910.42645,10700,866,33754,0.018866416
22062.55491,41344,867,33290,0.018607069
22074.71904,36638,868,4922,0.002751096
21914.7493,34540,869,2473,0.001382255
21561.33909,32211,870,1605,0.000897097
21009.98515,28583,871,844,0.000471744
20277.33567,10970,872,759,0.000424234
19402.66085,9019,873,563,0.000314682
18445.28798,34859,874,45851,0.025436305
17477.26129,29228,875,38759,0.021501946
16571.24746,28232,876,33906,0.018809696
15784.81842,24642,877,4475,0.002482551
15143.63333,21418,878,2334,0.00129481
14627.52789,8145,879,1468,0.000814388
14164.76212,6167,880,859,0.000476539
13640.15061,23760,881,682,0.000378346
12921.76644,19089,882,503,0.000279044
11907.45351,16692,883,48343,0.026193479
10585.49099,13980,884,47007,0.0254696
9092.544133,11391,885,39050,0.021158293
7736.16317,4245,886,4398,0.002382949
6929.468092,3584,887,2113,0.001144878
6965.623181,13316,888,1401,0.000759098
7546.869464,9479,889,809,0.000438337
6991.917725,4504,890,719,0.000389573
1102.292086,2,891,502,0.000271996
1986,F,Jessica,52667,0.028549916
1986,F,Ashley,49674,0.026927459
1986,F,Amanda,40522,0.021966311
1986,F,Patricia,4246,0.002301687
1986,F,Linda,1951,0.001057605
1986,F,Deborah,1284,0.000696035
1986,F,Helen,766,0.000415236
1986,F,Dorothy,629,0.000340971
1986,F,Betty,407,0.000220628
1987,F,Jessica,55990,0.029884061
1987,F,Ashley,54845,0.02927293
1987,F,Amanda,41786,0.022302829
1987,F,Patricia,3913,0.002088522
1987,F,Linda,1929,0.001029583
1987,F,Deborah,1203,0.000642088
1987,F,Helen,815,0.000434997
1987,F,Dorothy,614,0.000327716
1987,F,Betty,435,0.000232177
1988,F,Jessica,51532,0.026807986
1988,F,Ashley,49963,0.025991761
1988,F,Amanda,39451,0.020523206
1988,F,Patricia,3798,0.001975796
1988,F,Linda,1844,0.000959286
1988,F,Deborah,1056,0.000549353
1988,F,Helen,775,0.000403171
1988,F,Dorothy,608,0.000316294
1988,F,Betty,395,0.000205487
1989,F,Jessica,47885,0.024041225
1989,F,Ashley,47585,0.023890607
1989,F,Amanda,36827,0.018489427
1989,F,Patricia,3606,0.001810435
1989,F,Linda,1844,0.000925802
1989,F,Deborah,1076,0.000540218
1989,F,Helen,857,0.000430267
1989,F,Dorothy,620,0.000311278
1989,F,Betty,399,0.000200323
1990,F,Jessica,46470,0.022627431
1990,F,Ashley,45553,0.02218092
1990,F,Amanda,34405,0.016752674
1990,F,Patricia,3578,0.00174222
1990,F,Linda,1658,0.000807323
1990,F,Deborah,1094,0.000532697
1990,F,Helen,861,0.000419243
1990,F,Dorothy,596,0.000290208
1990,F,Betty,406,0.000197692
1991,F,Ashley,43482,0.021388328
1991,F,Jessica,43394,0.021345042
1991,F,Amanda,28887,0.014209204
1991,F,Patricia,3418,0.001681277
1991,F,Linda,1608,0.000790958
1991,F,Deborah,1014,0.000498776
1991,F,Helen,773,0.00038023
1991,F,Dorothy,498,0.000244961
1991,F,Betty,345,0.000169702
1992,F,Ashley,38452,0.019186035
1992,F,Jessica,38352,0.019136139
1992,F,Amanda,25034,0.012490981
1992,F,Patricia,2951,0.001472433
1992,F,Linda,1580,0.000788358
1992,F,Deborah,919,0.000458545
1992,F,Helen,827,0.00041264
1992,F,Dorothy,508,0.000253472
1992,F,Betty,296,0.000147692
1993,F,Jessica,34987,0.017750627
1993,F,Ashley,34847,0.017679598
1993,F,Amanda,20809,0.01055743
1993,F,Patricia,2660,0.001349549
1993,F,Linda,1487,0.000754428
1993,F,Helen,868,0.000440379
1993,F,Deborah,797,0.000404357
1993,F,Dorothy,476,0.000241498
1993,F,Betty,292,0.000148146
1994,F,Jessica,32117,0.016479764
1994,F,Ashley,30278,0.015536143
1994,F,Amanda,18715,0.009602976
1994,F,Patricia,2363,0.001212494
1994,F,Linda,1281,0.000657302
1994,F,Helen,848,0.000435123
1994,F,Deborah,740,0.000379706
1994,F,Dorothy,442,0.000226798
1994,F,Betty,275,0.000141107
1995,F,Jessica,27935,0.01454164
1995,F,Ashley,26603,0.013848264
1995,F,Amanda,16345,0.008508434
1995,F,Patricia,2160,0.001124394
1995,F,Linda,1233,0.000641842
1995,F,Helen,837,0.000435703
1995,F,Deborah,660,0.000343565
1995,F,Dorothy,376,0.000195728
1995,F,Betty,234,0.000121809
1996,F,Jessica,24192,0.012621838
1996,F,Ashley,23676,0.012352623
1996,F,Amanda,13973,0.007290218
1996,F,Patricia,1970,0.00102782
1996,F,Linda,987,0.000514953
1996,F,Helen,900,0.000469562
1996,F,Deborah,633,0.000330259
1996,F,Dorothy,350,0.000182608
1996,F,Betty,217,0.000113217
1997,F,Jessica,21043,0.011025584
1997,F,Ashley,20895,0.010948039
1997,F,Amanda,12239,0.006412685
1997,F,Patricia,1781,0.000933164
1997,F,Linda,1095,0.000573731
1997,F,Helen,812,0.000425451
1997,F,Deborah,638,0.000334283
1997,F,Dorothy,315,0.000165046
1997,F,Betty,189,9.90E-05
1998,F,Ashley,19871,0.010254936
1998,F,Jessica,18233,0.009409604
1998,F,Amanda,10908,0.005629351
1998,F,Patricia,1704,0.000879393
1998,F,Linda,970,0.000500593
1998,F,Helen,832,0.000429375
1998,F,Deborah,553,0.00028539
1998,F,Dorothy,312,0.000161016
1998,F,Betty,194,0.000100119
1999,F,Ashley,18132,0.009318379
1999,F,Jessica,16346,0.00840052
1999,F,Amanda,9741,0.005006085
1999,F,Patricia,1532,0.000787324
1999,F,Linda,898,0.000461499
1999,F,Helen,841,0.000432206
1999,F,Deborah,524,0.000269294
1999,F,Dorothy,335,0.000172163
1999,F,Betty,182,9.35E-05
2000,F,Ashley,17997,0.009023491
2000,F,Jessica,15705,0.007874308
2000,F,Amanda,8550,0.004286872
2000,F,Patricia,1392,0.000697933
2000,F,Helen,890,0.000446236
2000,F,Linda,849,0.000425679
2000,F,Deborah,545,0.000273257
2000,F,Dorothy,312,0.000156433
2000,F,Betty,174,8.72E-05
2001,F,Ashley,16524,0.008347263
2001,F,Jessica,13917,0.007030311
2001,F,Amanda,6963,0.003517429
2001,F,Patricia,1223,0.000617811
2001,F,Helen,884,0.000446561
2001,F,Linda,837,0.000422819
2001,F,Deborah,489,0.000247023
2001,F,Dorothy,317,0.000160136
2001,F,Betty,153,7.73E-05
2002,F,Ashley,15339,0.007772265
2002,F,Jessica,11913,0.006036312
2002,F,Amanda,6132,0.003107082
2002,F,Patricia,1113,0.000563957
2002,F,Helen,875,0.000443362
2002,F,Linda,769,0.000389652
2002,F,Deborah,474,0.000240176
2002,F,Dorothy,263,0.000133262
2002,F,Betty,127,6.44E-05
2003,F,Ashley,14512,0.007238151
2003,F,Jessica,10445,0.005209653
2003,F,Amanda,5339,0.002662933
2003,F,Patricia,1011,0.000504257
2003,F,Helen,783,0.000390537
2003,F,Linda,739,0.000368591
2003,F,Deborah,421,0.000209982
2003,F,Dorothy,291,0.000145142
2003,F,Betty,142,7.08E-05
2004,F,Ashley,14370,0.007127753
2004,F,Jessica,9469,0.004696778
2004,F,Amanda,4677,0.002319868
2004,F,Patricia,997,0.000494528
2004,F,Helen,860,0.000426574
2004,F,Linda,727,0.000360604
2004,F,Deborah,427,0.000211799
2004,F,Dorothy,288,0.000142853
2004,F,Betty,136,6.75E-05
2005,F,Ashley,13270,0.00654498
2005,F,Jessica,8108,0.003998998
2005,F,Amanda,4088,0.002016268
2005,F,Helen,960,0.000473488
2005,F,Patricia,877,0.000432551
2005,F,Linda,745,0.000367446
2005,F,Deborah,425,0.000209617
2005,F,Dorothy,234,0.000115413
2005,F,Betty,132,6.51E-05
2006,F,Ashley,12340,0.005909223
2006,F,Jessica,6809,0.003260608
2006,F,Amanda,3355,0.0016066
2006,F,Helen,948,0.000453966
2006,F,Patricia,775,0.000371122
2006,F,Linda,698,0.000334249
2006,F,Deborah,423,0.000202561
2006,F,Dorothy,265,0.0001269
2006,F,Betty,135,6.46E-05
2007,F,Ashley,11423,0.005403741
2007,F,Jessica,5704,0.002698322
2007,F,Amanda,3038,0.00143715
2007,F,Helen,931,0.000440417
2007,F,Patricia,725,0.000342967
2007,F,Linda,659,0.000311745
2007,F,Deborah,371,0.000175504
2007,F,Dorothy,262,0.000123941
2007,F,Betty,134,6.34E-05
2008,F,Ashley,9402,0.004520305
2008,F,Jessica,4732,0.002275057
2008,F,Amanda,2439,0.001172625
2008,F,Helen,884,0.000425011
2008,F,Patricia,629,0.000302411
2008,F,Linda,611,0.000293757
2008,F,Deborah,355,0.000170677
2008,F,Dorothy,242,0.000116349
2008,F,Betty,137,6.59E-05
2009,F,Ashley,7811,0.003863391
2009,F,Jessica,3793,0.001876052
2009,F,Amanda,1952,0.000965477
2009,F,Helen,826,0.000408547
2009,F,Patricia,564,0.000278959
2009,F,Linda,550,0.000272035
2009,F,Deborah,346,0.000171135
2009,F,Dorothy,226,0.000111782
2009,F,Betty,148,7.32E-05
2010,F,Ashley,6306,0.003222521
2010,F,Jessica,3195,0.001632724
2010,F,Amanda,1655,0.000845746
2010,F,Helen,703,0.00035925
2010,F,Patricia,479,0.000244781
2010,F,Linda,476,0.000243248
2010,F,Deborah,354,0.000180903
2010,F,Dorothy,240,0.000122646
2010,F,Betty,132,6.75E-05
2011,F,Ashley,5398,0.002792056
2011,F,Jessica,2620,0.001355166
2011,F,Amanda,1409,0.00072879
2011,F,Helen,729,0.000377067
2011,F,Linda,488,0.000252413
2011,F,Patricia,427,0.000220861
2011,F,Deborah,332,0.000171723
2011,F,Dorothy,276,0.000142758
2011,F,Betty,167,8.64E-05
2012,F,Ashley,4696,0.002428064
2012,F,Jessica,2327,0.001203174
2012,F,Amanda,1228,0.000634937
2012,F,Helen,772,0.000399162
2012,F,Linda,448,0.000231638
2012,F,Patricia,394,0.000203717
2012,F,Deborah,336,0.000173729
2012,F,Dorothy,277,0.000143223
2012,F,Betty,140,7.24E-05
2013,F,Ashley,3936,0.002048983
2013,F,Jessica,1946,0.001013039
2013,F,Amanda,1064,0.000553892
2013,F,Helen,738,0.000384184
2013,F,Linda,441,0.000229574
2013,F,Patricia,419,0.000218121
2013,F,Dorothy,334,0.000173872
2013,F,Deborah,329,0.000171269
2013,F,Betty,174,9.06E-05
2014,F,Ashley,3547,0.00182126
2014,F,Jessica,1790,0.000919102
2014,F,Amanda,1048,0.000538111
2014,F,Helen,801,0.000411285
2014,F,Linda,470,0.000241328
2014,F,Dorothy,382,0.000196144
2014,F,Patricia,377,0.000193576
2014,F,Deborah,369,0.000189469
2014,F,Betty,193,9.91E-05
2015,F,Ashley,3409,0.001761658
2015,F,Jessica,1577,0.000814941
2015,F,Amanda,1013,0.000523485
2015,F,Helen,757,0.000391192
2015,F,Linda,423,0.000218592
2015,F,Dorothy,395,0.000204123
2015,F,Deborah,346,0.000178801
2015,F,Patricia,346,0.000178801
2015,F,Betty,186,9.61E-05
